NID,Plot,Trail,Study,Species,Year,PlotYear,ident,FATE,EXP,ParaStat,OrdDate,OrdDate2,TrailDist,RoadDist,EdgeDist,WTR,WBH,GPH,NonCore10km,Core500,Edge60m,Core10km,Edge60m10km,PatchArea,CoreArea,TrailType,UseLevel,PlotType,PatchType
UW1-WOTH-2-09,UWT,UW1,MJP,WOTH,2009,UWT-09,01-02_2009,1,5,1,160,25600,27.3,821.82,15.18,2.46,5.87,0.66,0.59,0.9,0.06,0.24,0.09,126.08,0,Old Road,H,R,Edge
UW1-WOTH-2-09,UWT,UW1,MJP,WOTH,2009,UWT-09,01-02_2009,1,5,1,165,27225,27.3,821.82,15.18,2.46,5.87,0.66,0.59,0.9,0.06,0.24,0.09,126.08,0,Old Road,H,R,Edge
UW1-WOTH-2-09,UWT,UW1,MJP,WOTH,2009,UWT-09,01-02_2009,1,4,1,169,28561,27.3,821.82,15.18,2.46,5.87,0.66,0.59,0.9,0.06,0.24,0.09,126.08,0,Old Road,H,R,Edge
UW1-WOTH-2-09,UWT,UW1,MJP,WOTH,2009,UWT-09,01-02_2009,1,4,1,173,29929,27.3,821.82,15.18,2.46,5.87,0.66,0.59,0.9,0.06,0.24,0.09,126.08,0,Old Road,H,R,Edge
UW1-WOTH-2-09,UWT,UW1,MJP,WOTH,2009,UWT-09,01-02_2009,1,3,1,176,30976,27.3,821.82,15.18,2.46,5.87,0.66,0.59,0.9,0.06,0.24,0.09,126.08,0,Old Road,H,R,Edge
UW2-WOTH-5-09,UWT,UW2,MJP,WOTH,2009,UWT-09,02-05_2009,1,3,1,176,30976,137.2,513.03,283.61,2.46,5.87,0.66,0.6,0.86,0.1,0.23,0.09,493.16,493.16,Old Road,H,R,Core
UW2-WOTH-5-09,UWT,UW2,MJP,WOTH,2009,UWT-09,02-05_2009,1,4,1,180,32400,137.2,513.03,283.61,2.46,5.87,0.66,0.6,0.86,0.1,0.23,0.09,493.16,493.16,Old Road,H,R,Core
UW2-WOTH-5-09,UWT,UW2,MJP,WOTH,2009,UWT-09,02-05_2009,1,4,1,184,33856,137.2,513.03,283.61,2.46,5.87,0.66,0.6,0.86,0.1,0.23,0.09,493.16,493.16,Old Road,H,R,Core
UW2-WOTH-5-09,UWT,UW2,MJP,WOTH,2009,UWT-09,02-05_2009,1,4,1,188,35344,137.2,513.03,283.61,2.46,5.87,0.66,0.6,0.86,0.1,0.23,0.09,493.16,493.16,Old Road,H,R,Core
UW2-WOTH-8-09,UWT,UW2,MJP,WOTH,2009,UWT-09,02-08_2009,1,4,0,197,38809,9.3,788.64,12.6,2.46,5.87,0.66,0.59,0.98,0.02,0.24,0.09,493.16,493.16,Old Road,H,R,Core
UW2-WOTH-8-09,UWT,UW2,MJP,WOTH,2009,UWT-09,02-08_2009,1,4,0,201,40401,9.3,788.64,12.6,2.46,5.87,0.66,0.59,0.98,0.02,0.24,0.09,493.16,493.16,Old Road,H,R,Core
UW2-WOTH-8-09,UWT,UW2,MJP,WOTH,2009,UWT-09,02-08_2009,1,4,0,205,42025,9.3,788.64,12.6,2.46,5.87,0.66,0.59,0.98,0.02,0.24,0.09,493.16,493.16,Old Road,H,R,Core
UW2-WOTH-8-09,UWT,UW2,MJP,WOTH,2009,UWT-09,02-08_2009,1,3,0,208,43264,9.3,788.64,12.6,2.46,5.87,0.66,0.59,0.98,0.02,0.24,0.09,493.16,493.16,Old Road,H,R,Core
UW2-WOTH-8-09,UWT,UW2,MJP,WOTH,2009,UWT-09,02-08_2009,1,3,0,211,44521,9.3,788.64,12.6,2.46,5.87,0.66,0.59,0.98,0.02,0.24,0.09,493.16,493.16,Old Road,H,R,Core
UW2-WOTH-8-09,UWT,UW2,MJP,WOTH,2009,UWT-09,02-08_2009,0,4,0,215,46225,9.3,788.64,12.6,2.46,5.87,0.66,0.59,0.98,0.02,0.24,0.09,493.16,493.16,Old Road,H,R,Core
UE3-WOTH-2-09,UEM,UE3,MJP,WOTH,2009,UEM-09,03-02_2009,1,4,0,180,32400,55.4,289.03,209.81,2.2,8.3,0.22,0.59,0.52,0.21,0.23,0.1,493.16,493.16,Constructed,H,R,Core
UE3-WOTH-2-09,UEM,UE3,MJP,WOTH,2009,UEM-09,03-02_2009,1,3,0,183,33489,55.4,289.03,209.81,2.2,8.3,0.22,0.59,0.52,0.21,0.23,0.1,493.16,493.16,Constructed,H,R,Core
UE3-WOTH-2-09,UEM,UE3,MJP,WOTH,2009,UEM-09,03-02_2009,1,5,0,188,35344,55.4,289.03,209.81,2.2,8.3,0.22,0.59,0.52,0.21,0.23,0.1,493.16,493.16,Constructed,H,R,Core
UE3-WOTH-2-09,UEM,UE3,MJP,WOTH,2009,UEM-09,03-02_2009,0,5,0,193,37249,55.4,289.03,209.81,2.2,8.3,0.22,0.59,0.52,0.21,0.23,0.1,493.16,493.16,Constructed,H,R,Core
UE3-WOTH-4-09,UEM,UE3,MJP,WOTH,2009,UEM-09,03-04_2009,1,3,NA,183,33489,84,787.9,353.52,2.2,8.3,0.22,0.59,0.87,0.07,0.23,0.1,493.16,493.16,Constructed,H,R,Core
UE3-WOTH-4-09,UEM,UE3,MJP,WOTH,2009,UEM-09,03-04_2009,0,5,NA,188,35344,84,787.9,353.52,2.2,8.3,0.22,0.59,0.87,0.07,0.23,0.1,493.16,493.16,Constructed,H,R,Core
UE4-WOTH-2-09,UEM,UE4,MJP,WOTH,2009,UEM-09,03-02_2009,1,5,1,160,25600,24.7,791.02,406.45,2.2,8.3,0.22,0.59,0.52,0.21,0.23,0.1,493.16,493.16,Constructed,H,R,Core
UE4-WOTH-2-09,UEM,UE4,MJP,WOTH,2009,UEM-09,03-02_2009,1,5,1,165,27225,24.7,791.02,406.45,2.2,8.3,0.22,0.59,0.52,0.21,0.23,0.1,493.16,493.16,Constructed,H,R,Core
UE4-WOTH-2-09,UEM,UE4,MJP,WOTH,2009,UEM-09,03-02_2009,1,4,1,169,28561,24.7,791.02,406.45,2.2,8.3,0.22,0.59,0.52,0.21,0.23,0.1,493.16,493.16,Constructed,H,R,Core
UE4-WOTH-2-09,UEM,UE4,MJP,WOTH,2009,UEM-09,03-02_2009,1,4,1,173,29929,24.7,791.02,406.45,2.2,8.3,0.22,0.59,0.52,0.21,0.23,0.1,493.16,493.16,Constructed,H,R,Core
UE4-WOTH-5-09,UEM,UE4,MJP,WOTH,2009,UEM-09,04-05_2009,1,3,1,176,30976,229.1,792.67,671.14,2.2,8.3,0.22,0.59,1,0,0.23,0.1,493.16,493.16,Constructed,H,R,Core
UE4-WOTH-5-09,UEM,UE4,MJP,WOTH,2009,UEM-09,04-05_2009,0,4,1,180,32400,229.1,792.67,671.14,2.2,8.3,0.22,0.59,1,0,0.23,0.1,493.16,493.16,Constructed,H,R,Core
UE4-WOTH-7-09,UEM,UE4,MJP,WOTH,2009,UEM-09,04-07_2009,1,5,1,188,35344,35.3,656.15,548.28,2.2,8.3,0.22,0.6,1,0,0.23,0.1,493.16,493.16,Constructed,H,R,Core
UE4-WOTH-7-09,UEM,UE4,MJP,WOTH,2009,UEM-09,04-07_2009,1,5,1,193,37249,35.3,656.15,548.28,2.2,8.3,0.22,0.6,1,0,0.23,0.1,493.16,493.16,Constructed,H,R,Core
UE4-WOTH-7-09,UEM,UE4,MJP,WOTH,2009,UEM-09,04-07_2009,1,3,1,196,38416,35.3,656.15,548.28,2.2,8.3,0.22,0.6,1,0,0.23,0.1,493.16,493.16,Constructed,H,R,Core
UE4-WOTH-7-09,UEM,UE4,MJP,WOTH,2009,UEM-09,04-07_2009,1,6,1,202,40804,35.3,656.15,548.28,2.2,8.3,0.22,0.6,1,0,0.23,0.1,493.16,493.16,Constructed,H,R,Core
UE4-WOTH-8-09,UEM,UE4,MJP,WOTH,2009,UEM-09,04-08_2009,1,5,0,188,35344,48.6,717.53,414.91,2.2,8.3,0.22,0.6,0.91,0.06,0.23,0.1,493.16,493.16,Constructed,H,R,Core
UE4-WOTH-8-09,UEM,UE4,MJP,WOTH,2009,UEM-09,04-08_2009,1,5,0,193,37249,48.6,717.53,414.91,2.2,8.3,0.22,0.6,0.91,0.06,0.23,0.1,493.16,493.16,Constructed,H,R,Core
UE4-WOTH-8-09,UEM,UE4,MJP,WOTH,2009,UEM-09,04-08_2009,1,3,0,196,38416,48.6,717.53,414.91,2.2,8.3,0.22,0.6,0.91,0.06,0.23,0.1,493.16,493.16,Constructed,H,R,Core
UE4-WOTH-8-09,UEM,UE4,MJP,WOTH,2009,UEM-09,04-08_2009,1,6,0,202,40804,48.6,717.53,414.91,2.2,8.3,0.22,0.6,0.91,0.06,0.23,0.1,493.16,493.16,Constructed,H,R,Core
UE4-WOTH-8-09,UEM,UE4,MJP,WOTH,2009,UEM-09,04-08_2009,1,5,0,207,42849,48.6,717.53,414.91,2.2,8.3,0.22,0.6,0.91,0.06,0.23,0.1,493.16,493.16,Constructed,H,R,Core
UE4-WOTH-8-09,UEM,UE4,MJP,WOTH,2009,UEM-09,04-08_2009,1,4,0,211,44521,48.6,717.53,414.91,2.2,8.3,0.22,0.6,0.91,0.06,0.23,0.1,493.16,493.16,Constructed,H,R,Core
EB5-WOTH-8-09,EBW,EB5,MJP,WOTH,2009,EBW-09,05-08_2009,1,5,1,166,27556,42.3,444.91,258.06,4.27,3.55,3.23,0.58,0.87,0.09,0.25,0.1,493.16,493.16,Old Road,H,R,Core
EB5-WOTH-11-09,EBW,EB5,MJP,WOTH,2009,EBW-09,05-11_2009,1,4,1,181,32761,25.7,545.23,311.63,4.27,3.55,3.23,0.58,0.93,0.06,0.24,0.1,493.16,493.16,Old Road,H,R,Core
EB5-WOTH-11-09,EBW,EB5,MJP,WOTH,2009,EBW-09,05-11_2009,1,5,1,186,34596,25.7,545.23,311.63,4.27,3.55,3.23,0.58,0.93,0.06,0.24,0.1,493.16,493.16,Old Road,H,R,Core
EB5-WOTH-11-09,EBW,EB5,MJP,WOTH,2009,EBW-09,05-11_2009,1,3,1,189,35721,25.7,545.23,311.63,4.27,3.55,3.23,0.58,0.93,0.06,0.24,0.1,493.16,493.16,Old Road,H,R,Core
EB5-WOTH-11-09,EBW,EB5,MJP,WOTH,2009,EBW-09,05-11_2009,1,5,1,194,37636,25.7,545.23,311.63,4.27,3.55,3.23,0.58,0.93,0.06,0.24,0.1,493.16,493.16,Old Road,H,R,Core
EB5-WOTH-11-09,EBW,EB5,MJP,WOTH,2009,EBW-09,05-11_2009,1,3,1,197,38809,25.7,545.23,311.63,4.27,3.55,3.23,0.58,0.93,0.06,0.24,0.1,493.16,493.16,Old Road,H,R,Core
EB5-WOTH-11-09,EBW,EB5,MJP,WOTH,2009,EBW-09,05-11_2009,1,5,1,202,40804,25.7,545.23,311.63,4.27,3.55,3.23,0.58,0.93,0.06,0.24,0.1,493.16,493.16,Old Road,H,R,Core
EB5WOTH16-09,EBW,EB5,MJP,WOTH,2009,EBW-09,05-16_2009,1,5,1,194,37636,140,438.64,408.77,4.27,3.55,3.23,NA,NA,NA,NA,NA,NA,NA,Old Road,H,R,NA
EB5WOTH16-09,EBW,EB5,MJP,WOTH,2009,EBW-09,05-16_2009,1,3,1,197,38809,140,438.64,408.77,4.27,3.55,3.23,NA,NA,NA,NA,NA,NA,NA,Old Road,H,R,NA
EB5WOTH16-09,EBW,EB5,MJP,WOTH,2009,EBW-09,05-16_2009,1,5,1,202,40804,140,438.64,408.77,4.27,3.55,3.23,NA,NA,NA,NA,NA,NA,NA,Old Road,H,R,NA
EB5WOTH16-09,EBW,EB5,MJP,WOTH,2009,EBW-09,05-16_2009,1,5,1,207,42849,140,438.64,408.77,4.27,3.55,3.23,NA,NA,NA,NA,NA,NA,NA,Old Road,H,R,NA
EB5WOTH16-09,EBW,EB5,MJP,WOTH,2009,EBW-09,05-16_2009,1,4,1,211,44521,140,438.64,408.77,4.27,3.55,3.23,NA,NA,NA,NA,NA,NA,NA,Old Road,H,R,NA
EB5WOTH16-09,EBW,EB5,MJP,WOTH,2009,EBW-09,05-16_2009,1,4,1,215,46225,140,438.64,408.77,4.27,3.55,3.23,NA,NA,NA,NA,NA,NA,NA,Old Road,H,R,NA
EB6-WOTH-1-09,EBW,EB6,MJP,WOTH,2009,EBW-09,06-01_2009,1,4,1,144,20736,13.2,708.07,433.51,4.27,3.55,3.23,0.58,0.96,0.03,0.24,0.1,493.16,493.16,Old Road,H,R,Core
EB6-WOTH-1-09,EBW,EB6,MJP,WOTH,2009,EBW-09,06-01_2009,0,5,1,149,22201,13.2,708.07,433.51,4.27,3.55,3.23,0.58,0.96,0.03,0.24,0.1,493.16,493.16,Old Road,H,R,Core
EB6-WOTH-6-09,EBW,EB6,MJP,WOTH,2009,EBW-09,06-06_2009,1,4,0,157,24649,168,862.36,515.29,4.27,3.55,3.23,0.58,1,0,0.24,0.1,493.16,493.16,Old Road,H,R,Core
EB6-WOTH-6-09,EBW,EB6,MJP,WOTH,2009,EBW-09,06-06_2009,1,4,0,161,25921,168,862.36,515.29,4.27,3.55,3.23,0.58,1,0,0.24,0.1,493.16,493.16,Old Road,H,R,Core
EB6-WOTH-6-09,EBW,EB6,MJP,WOTH,2009,EBW-09,06-06_2009,1,5,0,166,27556,168,862.36,515.29,4.27,3.55,3.23,0.58,1,0,0.24,0.1,493.16,493.16,Old Road,H,R,Core
EB6-WOTH-8-09,EBW,EB6,MJP,WOTH,2009,EBW-09,06-08_2009,1,4,0,170,28900,205.8,889.31,481.01,4.27,3.55,3.23,0.58,1,0,0.24,0.1,493.16,493.16,Old Road,H,R,Core
EB6-WOTH-8-09,EBW,EB6,MJP,WOTH,2009,EBW-09,06-08_2009,1,4,0,174,30276,205.8,889.31,481.01,4.27,3.55,3.23,0.58,1,0,0.24,0.1,493.16,493.16,Old Road,H,R,Core
EB6-WOTH-8-09,EBW,EB6,MJP,WOTH,2009,EBW-09,06-08_2009,1,3,0,177,31329,205.8,889.31,481.01,4.27,3.55,3.23,0.58,1,0,0.24,0.1,493.16,493.16,Old Road,H,R,Core
EB6-WOTH-8-09,EBW,EB6,MJP,WOTH,2009,EBW-09,06-08_2009,1,4,0,181,32761,205.8,889.31,481.01,4.27,3.55,3.23,0.58,1,0,0.24,0.1,493.16,493.16,Old Road,H,R,Core
EB6-WOTH-8-09,EBW,EB6,MJP,WOTH,2009,EBW-09,06-08_2009,0,5,0,186,34596,205.8,889.31,481.01,4.27,3.55,3.23,0.58,1,0,0.24,0.1,493.16,493.16,Old Road,H,R,Core
EB6-WOTH-13-09,EBW,EB6,MJP,WOTH,2009,EBW-09,06-13_2009,1,4,0,181,32761,152.9,811.76,553.74,4.27,3.55,3.23,0.58,1,0,0.24,0.1,493.16,493.16,Old Road,H,R,Core
EB6-WOTH-13-09,EBW,EB6,MJP,WOTH,2009,EBW-09,06-13_2009,1,5,0,186,34596,152.9,811.76,553.74,4.27,3.55,3.23,0.58,1,0,0.24,0.1,493.16,493.16,Old Road,H,R,Core
EB7-WOTH-2-09,EBW,EB7,MJP,WOTH,2009,EBW-09,07-02_2009,0,4,NA,144,20736,15.9,805.17,465.67,4.27,3.55,3.23,0.59,0.98,0.02,0.24,0.09,493.16,493.16,Old Road,H,R,Core
EB7-WOTH-12-09,EBW,EB7,MJP,WOTH,2009,EBW-09,07-12_2009,1,4,NA,181,32761,216.5,1054.31,303.29,4.27,3.55,3.23,0.59,0.99,0.01,0.24,0.09,493.16,493.16,Old Road,H,R,Core
EB7-WOTH-12-09,EBW,EB7,MJP,WOTH,2009,EBW-09,07-12_2009,1,5,NA,186,34596,216.5,1054.31,303.29,4.27,3.55,3.23,0.59,0.99,0.01,0.24,0.09,493.16,493.16,Old Road,H,R,Core
EB7-WOTH-12-09,EBW,EB7,MJP,WOTH,2009,EBW-09,07-12_2009,0,3,NA,189,35721,216.5,1054.31,303.29,4.27,3.55,3.23,0.59,0.99,0.01,0.24,0.09,493.16,493.16,Old Road,H,R,Core
LR2WOTH9-09,LRT,LR2,MJP,WOTH,2009,LRT-09,12-09_2009,1,5,0,200,40000,195,555.95,359.68,1.42,6.27,0,0.55,0.75,0.15,0.28,0.1,2754.73,2754.73,Old Road,L,R,Core
LR2WOTH9-09,LRT,LR2,MJP,WOTH,2009,LRT-09,12-09_2009,1,5,0,205,42025,195,555.95,359.68,1.42,6.27,0,0.55,0.75,0.15,0.28,0.1,2754.73,2754.73,Old Road,L,R,Core
LR2WOTH9-09,LRT,LR2,MJP,WOTH,2009,LRT-09,12-09_2009,1,3,0,208,43264,195,555.95,359.68,1.42,6.27,0,0.55,0.75,0.15,0.28,0.1,2754.73,2754.73,Old Road,L,R,Core
LR2WOTH9-09,LRT,LR2,MJP,WOTH,2009,LRT-09,12-09_2009,1,3,0,211,44521,195,555.95,359.68,1.42,6.27,0,0.55,0.75,0.15,0.28,0.1,2754.73,2754.73,Old Road,L,R,Core
LR2WOTH9-09,LRT,LR2,MJP,WOTH,2009,LRT-09,12-09_2009,1,4,0,215,46225,195,555.95,359.68,1.42,6.27,0,0.55,0.75,0.15,0.28,0.1,2754.73,2754.73,Old Road,L,R,Core
LR2WOTH9-09,LRT,LR2,MJP,WOTH,2009,LRT-09,12-09_2009,1,3,0,218,47524,195,555.95,359.68,1.42,6.27,0,0.55,0.75,0.15,0.28,0.1,2754.73,2754.73,Old Road,L,R,Core
LR2WOTH9-09,LRT,LR2,MJP,WOTH,2009,LRT-09,12-09_2009,1,4,0,222,49284,195,555.95,359.68,1.42,6.27,0,0.55,0.75,0.15,0.28,0.1,2754.73,2754.73,Old Road,L,R,Core
LR4-WOTH-4-09,LRT,LR4,MJP,WOTH,2009,LRT-09,14-04_2009,1,4,1,179,32041,225.7,824.35,416.24,1.42,6.27,0,0.56,0.94,0.05,0.28,0.1,2754.73,2754.73,Old Road,L,R,Core
LR4-WOTH-4-09,LRT,LR4,MJP,WOTH,2009,LRT-09,14-04_2009,1,3,1,182,33124,225.7,824.35,416.24,1.42,6.27,0,0.56,0.94,0.05,0.28,0.1,2754.73,2754.73,Old Road,L,R,Core
LR4-WOTH-4-09,LRT,LR4,MJP,WOTH,2009,LRT-09,14-04_2009,1,5,1,187,34969,225.7,824.35,416.24,1.42,6.27,0,0.56,0.94,0.05,0.28,0.1,2754.73,2754.73,Old Road,L,R,Core
LR4-WOTH-4-09,LRT,LR4,MJP,WOTH,2009,LRT-09,14-04_2009,1,5,1,192,36864,225.7,824.35,416.24,1.42,6.27,0,0.56,0.94,0.05,0.28,0.1,2754.73,2754.73,Old Road,L,R,Core
LR4-WOTH-4-09,LRT,LR4,MJP,WOTH,2009,LRT-09,14-04_2009,1,3,1,195,38025,225.7,824.35,416.24,1.42,6.27,0,0.56,0.94,0.05,0.28,0.1,2754.73,2754.73,Old Road,L,R,Core
LR4-WOTH-4-09,LRT,LR4,MJP,WOTH,2009,LRT-09,14-04_2009,1,5,1,200,40000,225.7,824.35,416.24,1.42,6.27,0,0.56,0.94,0.05,0.28,0.1,2754.73,2754.73,Old Road,L,R,Core
LR4-WOTH-4-09,LRT,LR4,MJP,WOTH,2009,LRT-09,14-04_2009,1,5,1,205,42025,225.7,824.35,416.24,1.42,6.27,0,0.56,0.94,0.05,0.28,0.1,2754.73,2754.73,Old Road,L,R,Core
BR5-WOTH-2-09,BRN,BR5,MJP,WOTH,2009,BRN-09,15-02_2009,1,3,1,175,30625,169.2,691.63,149.01,1.29,6.01,0,0.58,0.79,0.18,0.26,0.09,1031.45,1031.45,Constructed,L,C,Core
BR5-WOTH-2-09,BRN,BR5,MJP,WOTH,2009,BRN-09,15-02_2009,1,4,1,179,32041,169.2,691.63,149.01,1.29,6.01,0,0.58,0.79,0.18,0.26,0.09,1031.45,1031.45,Constructed,L,C,Core
BR5-WOTH-2-09,BRN,BR5,MJP,WOTH,2009,BRN-09,15-02_2009,1,3,1,182,33124,169.2,691.63,149.01,1.29,6.01,0,0.58,0.79,0.18,0.26,0.09,1031.45,1031.45,Constructed,L,C,Core
BR5-WOTH-2-09,BRN,BR5,MJP,WOTH,2009,BRN-09,15-02_2009,1,5,1,187,34969,169.2,691.63,149.01,1.29,6.01,0,0.58,0.79,0.18,0.26,0.09,1031.45,1031.45,Constructed,L,C,Core
BR5-WOTH-2-09,BRN,BR5,MJP,WOTH,2009,BRN-09,15-02_2009,1,5,1,192,36864,169.2,691.63,149.01,1.29,6.01,0,0.58,0.79,0.18,0.26,0.09,1031.45,1031.45,Constructed,L,C,Core
BR5-WOTH-2-09,BRN,BR5,MJP,WOTH,2009,BRN-09,15-02_2009,1,3,1,195,38025,169.2,691.63,149.01,1.29,6.01,0,0.58,0.79,0.18,0.26,0.09,1031.45,1031.45,Constructed,L,C,Core
BR6-WOTH-5-09,BRN,BR6,MJP,WOTH,2009,BRN-09,16-05_2009,1,3,1,175,30625,206.3,634.78,527.95,1.29,6.01,0,0.59,0.99,0.01,0.25,0.09,1031.45,1031.45,Constructed,L,C,Core
BR6-WOTH-5-09,BRN,BR6,MJP,WOTH,2009,BRN-09,16-05_2009,1,4,1,179,32041,206.3,634.78,527.95,1.29,6.01,0,0.59,0.99,0.01,0.25,0.09,1031.45,1031.45,Constructed,L,C,Core
BR6-WOTH-5-09,BRN,BR6,MJP,WOTH,2009,BRN-09,16-05_2009,1,3,1,182,33124,206.3,634.78,527.95,1.29,6.01,0,0.59,0.99,0.01,0.25,0.09,1031.45,1031.45,Constructed,L,C,Core
BR6-WOTH-5-09,BRN,BR6,MJP,WOTH,2009,BRN-09,16-05_2009,1,5,1,187,34969,206.3,634.78,527.95,1.29,6.01,0,0.59,0.99,0.01,0.25,0.09,1031.45,1031.45,Constructed,L,C,Core
BR6-WOTH-5-09,BRN,BR6,MJP,WOTH,2009,BRN-09,16-05_2009,1,5,1,192,36864,206.3,634.78,527.95,1.29,6.01,0,0.59,0.99,0.01,0.25,0.09,1031.45,1031.45,Constructed,L,C,Core
BR6-WOTH-5-09,BRN,BR6,MJP,WOTH,2009,BRN-09,16-05_2009,1,3,1,195,38025,206.3,634.78,527.95,1.29,6.01,0,0.59,0.99,0.01,0.25,0.09,1031.45,1031.45,Constructed,L,C,Core
BR7-WOTH-2-09,BRN,BR7,MJP,WOTH,2009,BRN-09,17-02_2009,1,3,1,195,38025,309.2,884.54,803.57,1.29,6.01,0,0.59,1,0,0.25,0.09,1031.45,1031.45,Constructed,L,C,Core
BR7-WOTH-2-09,BRN,BR7,MJP,WOTH,2009,BRN-09,17-02_2009,1,5,1,200,40000,309.2,884.54,803.57,1.29,6.01,0,0.59,1,0,0.25,0.09,1031.45,1031.45,Constructed,L,C,Core
BR7-WOTH-2-09,BRN,BR7,MJP,WOTH,2009,BRN-09,17-02_2009,1,5,1,205,42025,309.2,884.54,803.57,1.29,6.01,0,0.59,1,0,0.25,0.09,1031.45,1031.45,Constructed,L,C,Core
BR7-WOTH-2-09,BRN,BR7,MJP,WOTH,2009,BRN-09,17-02_2009,0,3,1,208,43264,309.2,884.54,803.57,1.29,6.01,0,0.59,1,0,0.25,0.09,1031.45,1031.45,Constructed,L,C,Core
BH8-WOTH5-09,BHN,BH8,MJP,WOTH,2009,BHN-09,18-05_2009,0,5,NA,180,32400,6.4,529.81,420.83,1.13,7.01,0,0.55,1,0,0.28,0.1,2754.73,2754.73,Constructed,L,C,Core
BH8-WOTH-8-09,BHN,BH8,MJP,WOTH,2009,BHN-09,18-08_2009,1,3,0,196,38416,45.7,489.18,453.93,1.13,7.01,0,0.55,0.99,0.01,0.28,0.1,2754.73,2754.73,Constructed,L,C,Core
BH8-WOTH-8-09,BHN,BH8,MJP,WOTH,2009,BHN-09,18-08_2009,1,4,0,200,40000,45.7,489.18,453.93,1.13,7.01,0,0.55,0.99,0.01,0.28,0.1,2754.73,2754.73,Constructed,L,C,Core
BH8-WOTH-8-09,BHN,BH8,MJP,WOTH,2009,BHN-09,18-08_2009,1,5,0,205,42025,45.7,489.18,453.93,1.13,7.01,0,0.55,0.99,0.01,0.28,0.1,2754.73,2754.73,Constructed,L,C,Core
BH8-WOTH-8-09,BHN,BH8,MJP,WOTH,2009,BHN-09,18-08_2009,1,3,0,208,43264,45.7,489.18,453.93,1.13,7.01,0,0.55,0.99,0.01,0.28,0.1,2754.73,2754.73,Constructed,L,C,Core
BH8-WOTH-8-09,BHN,BH8,MJP,WOTH,2009,BHN-09,18-08_2009,1,3,0,211,44521,45.7,489.18,453.93,1.13,7.01,0,0.55,0.99,0.01,0.28,0.1,2754.73,2754.73,Constructed,L,C,Core
BH8-WOTH-8-09,BHN,BH8,MJP,WOTH,2009,BHN-09,18-08_2009,1,4,0,215,46225,45.7,489.18,453.93,1.13,7.01,0,0.55,0.99,0.01,0.28,0.1,2754.73,2754.73,Constructed,L,C,Core
CP5-WOTH-1-12,BRN,CP5,MAH,WOTH,2012,BRN-12,C5-WOTH-1_2012,2,0,0,175,30625,235.3,523.72,450.89,1.29,6.01,0,0.58,0.94,0.05,0.26,0.09,1031.45,1031.45,Constructed,L,I,Core
CP5-WOTH-1-12,BRN,CP5,MAH,WOTH,2012,BRN-12,C5-WOTH-1_2012,1,3,0,178,31684,235.3,523.72,450.89,1.29,6.01,0,0.58,0.94,0.05,0.26,0.09,1031.45,1031.45,Constructed,L,I,Core
CP5-WOTH-1-12,BRN,CP5,MAH,WOTH,2012,BRN-12,C5-WOTH-1_2012,1,3,0,181,32761,235.3,523.72,450.89,1.29,6.01,0,0.58,0.94,0.05,0.26,0.09,1031.45,1031.45,Constructed,L,I,Core
CP5-WOTH-1-12,BRN,CP5,MAH,WOTH,2012,BRN-12,C5-WOTH-1_2012,1,2,0,183,33489,235.3,523.72,450.89,1.29,6.01,0,0.58,0.94,0.05,0.26,0.09,1031.45,1031.45,Constructed,L,I,Core
CP5-WOTH-1-12,BRN,CP5,MAH,WOTH,2012,BRN-12,C5-WOTH-1_2012,1,4,0,187,34969,235.3,523.72,450.89,1.29,6.01,0,0.58,0.94,0.05,0.26,0.09,1031.45,1031.45,Constructed,L,I,Core
CP5-WOTH-1-12,BRN,CP5,MAH,WOTH,2012,BRN-12,C5-WOTH-1_2012,1,2,0,189,35721,235.3,523.72,450.89,1.29,6.01,0,0.58,0.94,0.05,0.26,0.09,1031.45,1031.45,Constructed,L,I,Core
CP6-WOTH-1-12,SHT,CP6,MAH,WOTH,2012,SHT-12,C6-WOTH-1_2012,2,0,0,168,28224,551,385.57,328.83,1.4,5.83,0.04,0.57,0.89,0.06,0.26,0.1,188.46,188.46,Old Road,L,I,Core
CP6-WOTH-1-12,SHT,CP6,MAH,WOTH,2012,SHT-12,C6-WOTH-1_2012,1,3,0,171,29241,551,385.57,328.83,1.4,5.83,0.04,0.57,0.89,0.06,0.26,0.1,188.46,188.46,Old Road,L,I,Core
CP6-WOTH-1-12,SHT,CP6,MAH,WOTH,2012,SHT-12,C6-WOTH-1_2012,1,3,0,174,30276,551,385.57,328.83,1.4,5.83,0.04,0.57,0.89,0.06,0.26,0.1,188.46,188.46,Old Road,L,I,Core
CP6-WOTH-1-12,SHT,CP6,MAH,WOTH,2012,SHT-12,C6-WOTH-1_2012,1,6,0,180,32400,551,385.57,328.83,1.4,5.83,0.04,0.57,0.89,0.06,0.26,0.1,188.46,188.46,Old Road,L,I,Core
CP8-WOTH-1-12,BHN,CP8,MAH,WOTH,2012,BHN-12,C8-WOTH-1_2012,2,0,0,165,27225,453.7,779.28,753.41,1.13,7.01,0,0.55,1,0,0.28,0.1,2754.73,2754.73,Constructed,L,I,Core
CP8-WOTH-1-12,BHN,CP8,MAH,WOTH,2012,BHN-12,C8-WOTH-1_2012,1,3,0,168,28224,453.7,779.28,753.41,1.13,7.01,0,0.55,1,0,0.28,0.1,2754.73,2754.73,Constructed,L,I,Core
CP8-WOTH-1-12,BHN,CP8,MAH,WOTH,2012,BHN-12,C8-WOTH-1_2012,1,3,0,171,29241,453.7,779.28,753.41,1.13,7.01,0,0.55,1,0,0.28,0.1,2754.73,2754.73,Constructed,L,I,Core
CP8-WOTH-1-12,BHN,CP8,MAH,WOTH,2012,BHN-12,C8-WOTH-1_2012,1,3,0,174,30276,453.7,779.28,753.41,1.13,7.01,0,0.55,1,0,0.28,0.1,2754.73,2754.73,Constructed,L,I,Core
CP8-WOTH-1-12,BHN,CP8,MAH,WOTH,2012,BHN-12,C8-WOTH-1_2012,1,3,0,177,31329,453.7,779.28,753.41,1.13,7.01,0,0.55,1,0,0.28,0.1,2754.73,2754.73,Constructed,L,I,Core
CP8-WOTH-1-12,BHN,CP8,MAH,WOTH,2012,BHN-12,C8-WOTH-1_2012,1,3,0,180,32400,453.7,779.28,753.41,1.13,7.01,0,0.55,1,0,0.28,0.1,2754.73,2754.73,Constructed,L,I,Core
CP8-WOTH-1-12,BHN,CP8,MAH,WOTH,2012,BHN-12,C8-WOTH-1_2012,0,3,0,183,33489,453.7,779.28,753.41,1.13,7.01,0,0.55,1,0,0.28,0.1,2754.73,2754.73,Constructed,L,I,Core
ST3-WOTH-1-12,ST3,ST3,MAH,WOTH,2012,ST3-12,S3-WOTH-1_2012,2,0,0,170,28900,12.1,495.57,282.86,0.95,2.6,1,0.6,0.8,0.11,0.22,0.11,93.79,93.79,Constructed,L,C,Core
ST3-WOTH-1-12,ST3,ST3,MAH,WOTH,2012,ST3-12,S3-WOTH-1_2012,0,3,0,173,29929,12.1,495.57,282.86,0.95,2.6,1,0.6,0.8,0.11,0.22,0.11,93.79,93.79,Constructed,L,C,Core
ST3-WOTH-1-12,ST3,ST3,MAH,WOTH,2012,ST3-12,S3-WOTH-1_2012,NA,3,0,176,30976,12.1,495.57,282.86,0.95,2.6,1,0.6,0.8,0.11,0.22,0.11,93.79,93.79,Constructed,L,C,Core
ST3-WOTH-1-12,ST3,ST3,MAH,WOTH,2012,ST3-12,S3-WOTH-1_2012,NA,3,0,179,32041,12.1,495.57,282.86,0.95,2.6,1,0.6,0.8,0.11,0.22,0.11,93.79,93.79,Constructed,L,C,Core
UET-WOTH-1-12,UET,UET,MAH,WOTH,2012,UET-12,UE-WOTH-1_2012,2,0,0,173,29929,21,627.84,256.76,1.43,3.93,2.05,0.59,0.8,0.1,0.23,0.1,493.16,493.16,Constructed,H,R,Core
UET-WOTH-1-12,UET,UET,MAH,WOTH,2012,UET-12,UE-WOTH-1_2012,1,4,0,177,31329,21,627.84,256.76,1.43,3.93,2.05,0.59,0.8,0.1,0.23,0.1,493.16,493.16,Constructed,H,R,Core
UET-WOTH-1-12,UET,UET,MAH,WOTH,2012,UET-12,UE-WOTH-1_2012,1,2,0,179,32041,21,627.84,256.76,1.43,3.93,2.05,0.59,0.8,0.1,0.23,0.1,493.16,493.16,Constructed,H,R,Core
UET-WOTH-1-12,UET,UET,MAH,WOTH,2012,UET-12,UE-WOTH-1_2012,1,3,0,182,33124,21,627.84,256.76,1.43,3.93,2.05,0.59,0.8,0.1,0.23,0.1,493.16,493.16,Constructed,H,R,Core
UET-WOTH-1-12,UET,UET,MAH,WOTH,2012,UET-12,UE-WOTH-1_2012,1,3,0,185,34225,21,627.84,256.76,1.43,3.93,2.05,0.59,0.8,0.1,0.23,0.1,493.16,493.16,Constructed,H,R,Core
UET-WOTH-1-12,UET,UET,MAH,WOTH,2012,UET-12,UE-WOTH-1_2012,1,7,0,192,36864,21,627.84,256.76,1.43,3.93,2.05,0.59,0.8,0.1,0.23,0.1,493.16,493.16,Constructed,H,R,Core
UET-WOTH-1-12,UET,UET,MAH,WOTH,2012,UET-12,UE-WOTH-1_2012,1,2,0,194,37636,21,627.84,256.76,1.43,3.93,2.05,0.59,0.8,0.1,0.23,0.1,493.16,493.16,Constructed,H,R,Core
UET-WOTH-1-12,UET,UET,MAH,WOTH,2012,UET-12,UE-WOTH-1_2012,1,4,0,198,39204,21,627.84,256.76,1.43,3.93,2.05,0.59,0.8,0.1,0.23,0.1,493.16,493.16,Constructed,H,R,Core
BRT-WOTH-1-13,BRT,BRT,MAH,WOTH,2013,BRT-13,BRT-WOTH-1_2013,1,0,NA,148,21904,4.73,498.7,0,1.53,6.1,0.16,0.58,0.77,0.18,0.26,0.09,0.5,0,Old Road,L,R,Nonforest
BRT-WOTH-1-13,BRT,BRT,MAH,WOTH,2013,BRT-13,BRT-WOTH-1_2013,1,3,NA,151,22801,4.73,498.7,0,1.53,6.1,0.16,0.58,0.77,0.18,0.26,0.09,0.5,0,Old Road,L,R,Nonforest
BRT-WOTH-1-13,BRT,BRT,MAH,WOTH,2013,BRT-13,BRT-WOTH-1_2013,1,4,NA,155,24025,4.73,498.7,0,1.53,6.1,0.16,0.58,0.77,0.18,0.26,0.09,0.5,0,Old Road,L,R,Nonforest
BRT-WOTH-1-13,BRT,BRT,MAH,WOTH,2013,BRT-13,BRT-WOTH-1_2013,1,3,NA,158,24964,4.73,498.7,0,1.53,6.1,0.16,0.58,0.77,0.18,0.26,0.09,0.5,0,Old Road,L,R,Nonforest
BRT-WOTH-1-13,BRT,BRT,MAH,WOTH,2013,BRT-13,BRT-WOTH-1_2013,1,4,NA,162,26244,4.73,498.7,0,1.53,6.1,0.16,0.58,0.77,0.18,0.26,0.09,0.5,0,Old Road,L,R,Nonforest
BRT-WOTH-1-13,BRT,BRT,MAH,WOTH,2013,BRT-13,BRT-WOTH-1_2013,1,3,NA,165,27225,4.73,498.7,0,1.53,6.1,0.16,0.58,0.77,0.18,0.26,0.09,0.5,0,Old Road,L,R,Nonforest
BRT-WOTH-1-13,BRT,BRT,MAH,WOTH,2013,BRT-13,BRT-WOTH-1_2013,0,4,NA,169,28561,4.73,498.7,0,1.53,6.1,0.16,0.58,0.77,0.18,0.26,0.09,0.5,0,Old Road,L,R,Nonforest
BRT-WOTH-2-13,BRT,BRT,MAH,WOTH,2013,BRT-13,BRT-WOTH-2_2013,NA,0,NA,177,31329,50.48,435.42,21.55,1.53,6.1,0.16,0.58,0.75,0.2,0.26,0.09,124.08,0,Old Road,L,R,Edge
BRT-WOTH-2-13,BRT,BRT,MAH,WOTH,2013,BRT-13,BRT-WOTH-2_2013,NA,3,NA,180,32400,50.48,435.42,21.55,1.53,6.1,0.16,0.58,0.75,0.2,0.26,0.09,124.08,0,Old Road,L,R,Edge
CP2-WOTH-1-13,ST3,CP2,MAH,WOTH,2013,ST3-13,CP2-WOTH-1_2013,1,0,NA,204,41616,318.01,668.3,283.61,0.95,2.6,1,0.6,0.66,0.17,0.22,0.11,2.08,0,Constructed,L,I,Edge
CP2-WOTH-1-13,ST3,CP2,MAH,WOTH,2013,ST3-13,CP2-WOTH-1_2013,0,3,NA,207,42849,318.01,668.3,283.61,0.95,2.6,1,0.6,0.66,0.17,0.22,0.11,2.08,0,Constructed,L,I,Edge
CP2-WOTH-1-13,ST3,CP2,MAH,WOTH,2013,ST3-13,CP2-WOTH-1_2013,NA,0,NA,211,44521,318.01,668.3,283.61,0.95,2.6,1,0.6,0.66,0.17,0.22,0.11,2.08,0,Constructed,L,I,Edge
CP3-WOTH-1-13,UET,CP3,MAH,WOTH,2013,UET-13,CP3-WOTH-1_2013,1,0,0,151,22801,199.32,952.2,694.81,1.43,3.93,2.05,0.59,1,0,0.23,0.1,493.16,493.16,Constructed,H,I,Core
CP3-WOTH-1-13,UET,CP3,MAH,WOTH,2013,UET-13,CP3-WOTH-1_2013,1,4,0,155,24025,199.32,952.2,694.81,1.43,3.93,2.05,0.59,1,0,0.23,0.1,493.16,493.16,Constructed,H,I,Core
CP3-WOTH-1-13,UET,CP3,MAH,WOTH,2013,UET-13,CP3-WOTH-1_2013,1,3,0,158,24964,199.32,952.2,694.81,1.43,3.93,2.05,0.59,1,0,0.23,0.1,493.16,493.16,Constructed,H,I,Core
CP3-WOTH-1-13,UET,CP3,MAH,WOTH,2013,UET-13,CP3-WOTH-1_2013,1,4,0,162,26244,199.32,952.2,694.81,1.43,3.93,2.05,0.59,1,0,0.23,0.1,493.16,493.16,Constructed,H,I,Core
CP3-WOTH-1-13,UET,CP3,MAH,WOTH,2013,UET-13,CP3-WOTH-1_2013,1,3,0,165,27225,199.32,952.2,694.81,1.43,3.93,2.05,0.59,1,0,0.23,0.1,493.16,493.16,Constructed,H,I,Core
CP3-WOTH-1-13,UET,CP3,MAH,WOTH,2013,UET-13,CP3-WOTH-1_2013,1,3,0,168,28224,199.32,952.2,694.81,1.43,3.93,2.05,0.59,1,0,0.23,0.1,493.16,493.16,Constructed,H,I,Core
CP3-WOTH-1-13,UET,CP3,MAH,WOTH,2013,UET-13,CP3-WOTH-1_2013,0,1,0,169,28561,199.32,952.2,694.81,1.43,3.93,2.05,0.59,1,0,0.23,0.1,493.16,493.16,Constructed,H,I,Core
CP3-WOTH-2-13,UET,CP3,MAH,WOTH,2013,UET-13,CP3-WOTH-2_2013,1,0,1,162,26244,439.35,935,523.07,1.43,3.93,2.05,0.59,0.99,0.01,0.23,0.1,493.16,493.16,Constructed,H,I,Core
CP3-WOTH-2-13,UET,CP3,MAH,WOTH,2013,UET-13,CP3-WOTH-2_2013,1,3,1,165,27225,439.35,935,523.07,1.43,3.93,2.05,0.59,0.99,0.01,0.23,0.1,493.16,493.16,Constructed,H,I,Core
CP3-WOTH-2-13,UET,CP3,MAH,WOTH,2013,UET-13,CP3-WOTH-2_2013,1,3,1,168,28224,439.35,935,523.07,1.43,3.93,2.05,0.59,0.99,0.01,0.23,0.1,493.16,493.16,Constructed,H,I,Core
CP3-WOTH-2-13,UET,CP3,MAH,WOTH,2013,UET-13,CP3-WOTH-2_2013,1,1,1,169,28561,439.35,935,523.07,1.43,3.93,2.05,0.59,0.99,0.01,0.23,0.1,493.16,493.16,Constructed,H,I,Core
CP3-WOTH-2-13,UET,CP3,MAH,WOTH,2013,UET-13,CP3-WOTH-2_2013,1,8,1,177,31329,439.35,935,523.07,1.43,3.93,2.05,0.59,0.99,0.01,0.23,0.1,493.16,493.16,Constructed,H,I,Core
CP3-WOTH-2-13,UET,CP3,MAH,WOTH,2013,UET-13,CP3-WOTH-2_2013,0,3,1,180,32400,439.35,935,523.07,1.43,3.93,2.05,0.59,0.99,0.01,0.23,0.1,493.16,493.16,Constructed,H,I,Core
CP3-WOTH-2-13,UET,CP3,MAH,WOTH,2013,UET-13,CP3-WOTH-2_2013,NA,4,1,184,33856,439.35,935,523.07,1.43,3.93,2.05,0.59,0.99,0.01,0.23,0.1,493.16,493.16,Constructed,H,I,Core
CP3-WOTH-3-13,UET,CP3,MAH,WOTH,2013,UET-13,CP3-WOTH-3_2013,1,0,NA,184,33856,132.19,918.46,615.57,1.43,3.93,2.05,0.59,1,0,0.23,0.1,493.16,493.16,Constructed,H,I,Core
CP3-WOTH-3-13,UET,CP3,MAH,WOTH,2013,UET-13,CP3-WOTH-3_2013,1,3,NA,187,34969,132.19,918.46,615.57,1.43,3.93,2.05,0.59,1,0,0.23,0.1,493.16,493.16,Constructed,H,I,Core
CP3-WOTH-3-13,UET,CP3,MAH,WOTH,2013,UET-13,CP3-WOTH-3_2013,1,4,NA,191,36481,132.19,918.46,615.57,1.43,3.93,2.05,0.59,1,0,0.23,0.1,493.16,493.16,Constructed,H,I,Core
CP3-WOTH-3-13,UET,CP3,MAH,WOTH,2013,UET-13,CP3-WOTH-3_2013,1,3,NA,194,37636,132.19,918.46,615.57,1.43,3.93,2.05,0.59,1,0,0.23,0.1,493.16,493.16,Constructed,H,I,Core
CP3-WOTH-3-13,UET,CP3,MAH,WOTH,2013,UET-13,CP3-WOTH-3_2013,1,4,NA,198,39204,132.19,918.46,615.57,1.43,3.93,2.05,0.59,1,0,0.23,0.1,493.16,493.16,Constructed,H,I,Core
CP3-WOTH-3-13,UET,CP3,MAH,WOTH,2013,UET-13,CP3-WOTH-3_2013,1,2,NA,200,40000,132.19,918.46,615.57,1.43,3.93,2.05,0.59,1,0,0.23,0.1,493.16,493.16,Constructed,H,I,Core
CP3-WOTH-3-13,UET,CP3,MAH,WOTH,2013,UET-13,CP3-WOTH-3_2013,1,5,NA,205,42025,132.19,918.46,615.57,1.43,3.93,2.05,0.59,1,0,0.23,0.1,493.16,493.16,Constructed,H,I,Core
CP4-WOTH-1-13,BRN,CP4,MAH,WOTH,2013,BRN-13,CP4-WOTH-1_2013,1,0,1,148,21904,527.7,702.4,667.21,1.29,6.01,0,0.59,1,0,0.25,0.09,1031.45,1031.45,Constructed,L,I,Core
CP4-WOTH-1-13,BRN,CP4,MAH,WOTH,2013,BRN-13,CP4-WOTH-1_2013,1,7,1,155,24025,527.7,702.4,667.21,1.29,6.01,0,0.59,1,0,0.25,0.09,1031.45,1031.45,Constructed,L,I,Core
CP4-WOTH-1-13,BRN,CP4,MAH,WOTH,2013,BRN-13,CP4-WOTH-1_2013,1,3,1,158,24964,527.7,702.4,667.21,1.29,6.01,0,0.59,1,0,0.25,0.09,1031.45,1031.45,Constructed,L,I,Core
CP4-WOTH-1-13,BRN,CP4,MAH,WOTH,2013,BRN-13,CP4-WOTH-1_2013,1,4,1,162,26244,527.7,702.4,667.21,1.29,6.01,0,0.59,1,0,0.25,0.09,1031.45,1031.45,Constructed,L,I,Core
CP4-WOTH-1-13,BRN,CP4,MAH,WOTH,2013,BRN-13,CP4-WOTH-1_2013,1,3,1,165,27225,527.7,702.4,667.21,1.29,6.01,0,0.59,1,0,0.25,0.09,1031.45,1031.45,Constructed,L,I,Core
CP4-WOTH-1-13,BRN,CP4,MAH,WOTH,2013,BRN-13,CP4-WOTH-1_2013,1,4,1,169,28561,527.7,702.4,667.21,1.29,6.01,0,0.59,1,0,0.25,0.09,1031.45,1031.45,Constructed,L,I,Core
CP4-WOTH-1-13,BRN,CP4,MAH,WOTH,2013,BRN-13,CP4-WOTH-1_2013,1,3,1,172,29584,527.7,702.4,667.21,1.29,6.01,0,0.59,1,0,0.25,0.09,1031.45,1031.45,Constructed,L,I,Core
CP6-WOTH-1-13,SHT,CP6,MAH,WOTH,2013,SHT-13,CP6-WOTH-1_2013,1,0,1,178,31684,577.31,329.68,298.47,1.4,5.83,0.04,0.57,0.69,0.17,0.26,0.1,188.46,188.46,Old Road,L,I,Core
CP6-WOTH-1-13,SHT,CP6,MAH,WOTH,2013,SHT-13,CP6-WOTH-1_2013,1,4,1,182,33124,577.31,329.68,298.47,1.4,5.83,0.04,0.57,0.69,0.17,0.26,0.1,188.46,188.46,Old Road,L,I,Core
CP6-WOTH-1-13,SHT,CP6,MAH,WOTH,2013,SHT-13,CP6-WOTH-1_2013,1,3,1,185,34225,577.31,329.68,298.47,1.4,5.83,0.04,0.57,0.69,0.17,0.26,0.1,188.46,188.46,Old Road,L,I,Core
CP6-WOTH-1-13,SHT,CP6,MAH,WOTH,2013,SHT-13,CP6-WOTH-1_2013,1,3,1,188,35344,577.31,329.68,298.47,1.4,5.83,0.04,0.57,0.69,0.17,0.26,0.1,188.46,188.46,Old Road,L,I,Core
CP6-WOTH-1-13,SHT,CP6,MAH,WOTH,2013,SHT-13,CP6-WOTH-1_2013,1,1,1,189,35721,577.31,329.68,298.47,1.4,5.83,0.04,0.57,0.69,0.17,0.26,0.1,188.46,188.46,Old Road,L,I,Core
CP6-WOTH-1-13,SHT,CP6,MAH,WOTH,2013,SHT-13,CP6-WOTH-1_2013,1,3,1,192,36864,577.31,329.68,298.47,1.4,5.83,0.04,0.57,0.69,0.17,0.26,0.1,188.46,188.46,Old Road,L,I,Core
CP6-WOTH-1-13,SHT,CP6,MAH,WOTH,2013,SHT-13,CP6-WOTH-1_2013,1,4,1,196,38416,577.31,329.68,298.47,1.4,5.83,0.04,0.57,0.69,0.17,0.26,0.1,188.46,188.46,Old Road,L,I,Core
CP6-WOTH-1-13,SHT,CP6,MAH,WOTH,2013,SHT-13,CP6-WOTH-1_2013,1,4,1,200,40000,577.31,329.68,298.47,1.4,5.83,0.04,0.57,0.69,0.17,0.26,0.1,188.46,188.46,Old Road,L,I,Core
CP9-WOTH-1-13,HDS,CP9,MAH,WOTH,2013,HDS-13,CP9-WOTH-1_2013,1,0,0,170,28900,316.09,382.49,293.47,2.29,0.04,0.5,0.59,0.67,0.13,0.21,0.13,398.4,398.4,Constructed,L,I,Core
CP9-WOTH-1-13,HDS,CP9,MAH,WOTH,2013,HDS-13,CP9-WOTH-1_2013,1,5,0,175,30625,316.09,382.49,293.47,2.29,0.04,0.5,0.59,0.67,0.13,0.21,0.13,398.4,398.4,Constructed,L,I,Core
CP9-WOTH-1-13,HDS,CP9,MAH,WOTH,2013,HDS-13,CP9-WOTH-1_2013,0,3,0,178,31684,316.09,382.49,293.47,2.29,0.04,0.5,0.59,0.67,0.13,0.21,0.13,398.4,398.4,Constructed,L,I,Core
CP9-WOTH-1-13,HDS,CP9,MAH,WOTH,2013,HDS-13,CP9-WOTH-1_2013,NA,11,0,189,35721,316.09,382.49,293.47,2.29,0.04,0.5,0.59,0.67,0.13,0.21,0.13,398.4,398.4,Constructed,L,I,Core
ST3-WOTH-1-13,ST3,ST3,MAH,WOTH,2013,ST3-13,ST3-WOTH-1_2013,1,0,0,142,20164,32.63,436.18,203.06,0.95,2.6,1,0.6,0.7,0.12,0.22,0.11,93.79,93.79,Constructed,L,C,Core
ST3-WOTH-1-13,ST3,ST3,MAH,WOTH,2013,ST3-13,ST3-WOTH-1_2013,1,3,0,145,21025,32.63,436.18,203.06,0.95,2.6,1,0.6,0.7,0.12,0.22,0.11,93.79,93.79,Constructed,L,C,Core
ST3-WOTH-1-13,ST3,ST3,MAH,WOTH,2013,ST3-13,ST3-WOTH-1_2013,1,5,0,150,22500,32.63,436.18,203.06,0.95,2.6,1,0.6,0.7,0.12,0.22,0.11,93.79,93.79,Constructed,L,C,Core
ST3-WOTH-1-13,ST3,ST3,MAH,WOTH,2013,ST3-13,ST3-WOTH-1_2013,1,4,0,154,23716,32.63,436.18,203.06,0.95,2.6,1,0.6,0.7,0.12,0.22,0.11,93.79,93.79,Constructed,L,C,Core
ST3-WOTH-1-13,ST3,ST3,MAH,WOTH,2013,ST3-13,ST3-WOTH-1_2013,0,3,0,157,24649,32.63,436.18,203.06,0.95,2.6,1,0.6,0.7,0.12,0.22,0.11,93.79,93.79,Constructed,L,C,Core
ST3-WOTH-1-13,ST3,ST3,MAH,WOTH,2013,ST3-13,ST3-WOTH-1_2013,NA,4,0,161,25921,32.63,436.18,203.06,0.95,2.6,1,0.6,0.7,0.12,0.22,0.11,93.79,93.79,Constructed,L,C,Core
ST3-WOTH-1-13,ST3,ST3,MAH,WOTH,2013,ST3-13,ST3-WOTH-1_2013,NA,3,0,164,26896,32.63,436.18,203.06,0.95,2.6,1,0.6,0.7,0.12,0.22,0.11,93.79,93.79,Constructed,L,C,Core
ST3-WOTH-1-13,ST3,ST3,MAH,WOTH,2013,ST3-13,ST3-WOTH-1_2013,NA,4,0,168,28224,32.63,436.18,203.06,0.95,2.6,1,0.6,0.7,0.12,0.22,0.11,93.79,93.79,Constructed,L,C,Core
ST3-WOTH-1-13,ST3,ST3,MAH,WOTH,2013,ST3-13,ST3-WOTH-1_2013,NA,3,0,171,29241,32.63,436.18,203.06,0.95,2.6,1,0.6,0.7,0.12,0.22,0.11,93.79,93.79,Constructed,L,C,Core
ST3-WOTH-2-13,ST3,ST3,MAH,WOTH,2013,ST3-13,ST3-WOTH-2_2013,1,0,1,157,24649,147.7,554,185.25,0.95,2.6,1,0.6,0.63,0.16,0.22,0.11,93.79,93.79,Constructed,L,C,Core
ST3-WOTH-2-13,ST3,ST3,MAH,WOTH,2013,ST3-13,ST3-WOTH-2_2013,1,4,1,161,25921,147.7,554,185.25,0.95,2.6,1,0.6,0.63,0.16,0.22,0.11,93.79,93.79,Constructed,L,C,Core
ST3-WOTH-2-13,ST3,ST3,MAH,WOTH,2013,ST3-13,ST3-WOTH-2_2013,1,3,1,164,26896,147.7,554,185.25,0.95,2.6,1,0.6,0.63,0.16,0.22,0.11,93.79,93.79,Constructed,L,C,Core
ST3-WOTH-2-13,ST3,ST3,MAH,WOTH,2013,ST3-13,ST3-WOTH-2_2013,1,4,1,168,28224,147.7,554,185.25,0.95,2.6,1,0.6,0.63,0.16,0.22,0.11,93.79,93.79,Constructed,L,C,Core
ST3-WOTH-2-13,ST3,ST3,MAH,WOTH,2013,ST3-13,ST3-WOTH-2_2013,1,3,1,171,29241,147.7,554,185.25,0.95,2.6,1,0.6,0.63,0.16,0.22,0.11,93.79,93.79,Constructed,L,C,Core
ST3-WOTH-3-13,ST3,ST3,MAH,WOTH,2013,ST3-13,ST3-WOTH-3_2013,1,0,1,183,33489,51.06,422.38,335.16,0.95,2.6,1,0.6,0.78,0.13,0.22,0.1,93.79,93.79,Constructed,L,C,Core
ST3-WOTH-3-13,ST3,ST3,MAH,WOTH,2013,ST3-13,ST3-WOTH-3_2013,1,3,1,186,34596,51.06,422.38,335.16,0.95,2.6,1,0.6,0.78,0.13,0.22,0.1,93.79,93.79,Constructed,L,C,Core
UET-WOTH-1-13,UET,UET,MAH,WOTH,2013,UET-13,UET-WOTH-1_2013,1,0,0,161,25921,39.78,330.39,183.94,1.43,3.93,2.05,0.59,0.57,0.2,0.23,0.1,493.16,493.16,Constructed,H,R,Core
UET-WOTH-1-13,UET,UET,MAH,WOTH,2013,UET-13,UET-WOTH-1_2013,1,3,0,164,26896,39.78,330.39,183.94,1.43,3.93,2.05,0.59,0.57,0.2,0.23,0.1,493.16,493.16,Constructed,H,R,Core
UET-WOTH-1-13,UET,UET,MAH,WOTH,2013,UET-13,UET-WOTH-1_2013,1,4,0,168,28224,39.78,330.39,183.94,1.43,3.93,2.05,0.59,0.57,0.2,0.23,0.1,493.16,493.16,Constructed,H,R,Core
UET-WOTH-1-13,UET,UET,MAH,WOTH,2013,UET-13,UET-WOTH-1_2013,1,3,0,171,29241,39.78,330.39,183.94,1.43,3.93,2.05,0.59,0.57,0.2,0.23,0.1,493.16,493.16,Constructed,H,R,Core
UET-WOTH-1-13,UET,UET,MAH,WOTH,2013,UET-13,UET-WOTH-1_2013,0,5,0,176,30976,39.78,330.39,183.94,1.43,3.93,2.05,0.59,0.57,0.2,0.23,0.1,493.16,493.16,Constructed,H,R,Core
ULN-WOTH-1-13,ULN,ULN,MAH,WOTH,2013,ULN-13,ULN-WOTH-1_2013,1,0,NA,145,21025,45.47,368.18,86.42,1.77,3.87,2,0.58,0.52,0.17,0.24,0.1,493.16,493.16,Old Road,H,R,Core
ULN-WOTH-1-13,ULN,ULN,MAH,WOTH,2013,ULN-13,ULN-WOTH-1_2013,1,5,NA,150,22500,45.47,368.18,86.42,1.77,3.87,2,0.58,0.52,0.17,0.24,0.1,493.16,493.16,Old Road,H,R,Core
ULN-WOTH-1-13,ULN,ULN,MAH,WOTH,2013,ULN-13,ULN-WOTH-1_2013,0,4,NA,154,23716,45.47,368.18,86.42,1.77,3.87,2,0.58,0.52,0.17,0.24,0.1,493.16,493.16,Old Road,H,R,Core
ULN-WOTH-1-13,ULN,ULN,MAH,WOTH,2013,ULN-13,ULN-WOTH-1_2013,NA,3,NA,157,24649,45.47,368.18,86.42,1.77,3.87,2,0.58,0.52,0.17,0.24,0.1,493.16,493.16,Old Road,H,R,Core
ULN-WOTH-1-13,ULN,ULN,MAH,WOTH,2013,ULN-13,ULN-WOTH-1_2013,NA,4,NA,161,25921,45.47,368.18,86.42,1.77,3.87,2,0.58,0.52,0.17,0.24,0.1,493.16,493.16,Old Road,H,R,Core
ULN-WOTH-2-13,ULN,ULN,MAH,WOTH,2013,ULN-13,ULN-WOTH-2_2013,1,0,NA,176,30976,44.49,142.78,40.48,1.77,3.87,2,0.58,0.42,0.2,0.23,0.1,126.08,0,Old Road,H,R,Edge
ULN-WOTH-2-13,ULN,ULN,MAH,WOTH,2013,ULN-13,ULN-WOTH-2_2013,1,1,NA,177,31329,44.49,142.78,40.48,1.77,3.87,2,0.58,0.42,0.2,0.23,0.1,126.08,0,Old Road,H,R,Edge
ULN-WOTH-2-13,ULN,ULN,MAH,WOTH,2013,ULN-13,ULN-WOTH-2_2013,1,2,NA,179,32041,44.49,142.78,40.48,1.77,3.87,2,0.58,0.42,0.2,0.23,0.1,126.08,0,Old Road,H,R,Edge
ULN-WOTH-2-13,ULN,ULN,MAH,WOTH,2013,ULN-13,ULN-WOTH-2_2013,1,4,NA,183,33489,44.49,142.78,40.48,1.77,3.87,2,0.58,0.42,0.2,0.23,0.1,126.08,0,Old Road,H,R,Edge
ULN-WOTH-2-13,ULN,ULN,MAH,WOTH,2013,ULN-13,ULN-WOTH-2_2013,1,5,NA,188,35344,44.49,142.78,40.48,1.77,3.87,2,0.58,0.42,0.2,0.23,0.1,126.08,0,Old Road,H,R,Edge
ULN-WOTH-2-13,ULN,ULN,MAH,WOTH,2013,ULN-13,ULN-WOTH-2_2013,1,2,NA,190,36100,44.49,142.78,40.48,1.77,3.87,2,0.58,0.42,0.2,0.23,0.1,126.08,0,Old Road,H,R,Edge
ULN-WOTH-2-13,ULN,ULN,MAH,WOTH,2013,ULN-13,ULN-WOTH-2_2013,1,3,NA,193,37249,44.49,142.78,40.48,1.77,3.87,2,0.58,0.42,0.2,0.23,0.1,126.08,0,Old Road,H,R,Edge
ULN-WOTH-2-13,ULN,ULN,MAH,WOTH,2013,ULN-13,ULN-WOTH-2_2013,1,4,NA,197,38809,44.49,142.78,40.48,1.77,3.87,2,0.58,0.42,0.2,0.23,0.1,126.08,0,Old Road,H,R,Edge
ULN-WOTH-2-13,ULN,ULN,MAH,WOTH,2013,ULN-13,ULN-WOTH-2_2013,1,3,NA,200,40000,44.49,142.78,40.48,1.77,3.87,2,0.58,0.42,0.2,0.23,0.1,126.08,0,Old Road,H,R,Edge
ULN-WOTH-3-13,ULN,ULN,MAH,WOTH,2013,ULN-13,ULN-WOTH-3_2013,1,0,0,179,32041,39.58,225.31,115.59,1.77,3.87,2,0.58,0.55,0.14,0.23,0.1,493.16,493.16,Old Road,H,R,Core
ULN-WOTH-3-13,ULN,ULN,MAH,WOTH,2013,ULN-13,ULN-WOTH-3_2013,1,4,0,183,33489,39.58,225.31,115.59,1.77,3.87,2,0.58,0.55,0.14,0.23,0.1,493.16,493.16,Old Road,H,R,Core
ULN-WOTH-3-13,ULN,ULN,MAH,WOTH,2013,ULN-13,ULN-WOTH-3_2013,1,5,0,188,35344,39.58,225.31,115.59,1.77,3.87,2,0.58,0.55,0.14,0.23,0.1,493.16,493.16,Old Road,H,R,Core
ULN-WOTH-3-13,ULN,ULN,MAH,WOTH,2013,ULN-13,ULN-WOTH-3_2013,1,2,0,190,36100,39.58,225.31,115.59,1.77,3.87,2,0.58,0.55,0.14,0.23,0.1,493.16,493.16,Old Road,H,R,Core
ULN-WOTH-3-13,ULN,ULN,MAH,WOTH,2013,ULN-13,ULN-WOTH-3_2013,1,3,0,193,37249,39.58,225.31,115.59,1.77,3.87,2,0.58,0.55,0.14,0.23,0.1,493.16,493.16,Old Road,H,R,Core
ULN-WOTH-3-13,ULN,ULN,MAH,WOTH,2013,ULN-13,ULN-WOTH-3_2013,1,4,0,197,38809,39.58,225.31,115.59,1.77,3.87,2,0.58,0.55,0.14,0.23,0.1,493.16,493.16,Old Road,H,R,Core
ULN-WOTH-3-13,ULN,ULN,MAH,WOTH,2013,ULN-13,ULN-WOTH-3_2013,1,3,0,200,40000,39.58,225.31,115.59,1.77,3.87,2,0.58,0.55,0.14,0.23,0.1,493.16,493.16,Old Road,H,R,Core
ULN-WOTH-3-13,ULN,ULN,MAH,WOTH,2013,ULN-13,ULN-WOTH-3_2013,1,4,0,204,41616,39.58,225.31,115.59,1.77,3.87,2,0.58,0.55,0.14,0.23,0.1,493.16,493.16,Old Road,H,R,Core
ULS-WOTH-2-13,ULS,ULS,MAH,WOTH,2013,ULS-13,ULS-WOTH-2_2013,1,0,1,162,26244,154.45,364.28,218.71,1.57,3.73,2,0.6,0.76,0.08,0.23,0.09,493.16,493.16,Old Road,H,R,Core
ULS-WOTH-2-13,ULS,ULS,MAH,WOTH,2013,ULS-13,ULS-WOTH-2_2013,1,3,1,165,27225,154.45,364.28,218.71,1.57,3.73,2,0.6,0.76,0.08,0.23,0.09,493.16,493.16,Old Road,H,R,Core
ULS-WOTH-2-13,ULS,ULS,MAH,WOTH,2013,ULS-13,ULS-WOTH-2_2013,1,3,1,168,28224,154.45,364.28,218.71,1.57,3.73,2,0.6,0.76,0.08,0.23,0.09,493.16,493.16,Old Road,H,R,Core
ULS-WOTH-2-13,ULS,ULS,MAH,WOTH,2013,ULS-13,ULS-WOTH-2_2013,NA,1,1,169,28561,154.45,364.28,218.71,1.57,3.73,2,0.6,0.76,0.08,0.23,0.09,493.16,493.16,Old Road,H,R,Core
